ride_id,rideable_type,started_at,ended_at,start_station_name,start_station_id,end_station_name,end_station_id,member_casual,tripduration_minutes,day_of_week,month,year,hour
D3A341E524E41192,electric_bike,9/30/2023 23:12:49,9/30/2023 23:24:25,,,,,member,11,Saturday,September,2023,23
316BA73C18AEE2E1,electric_bike,8/27/2023 13:56:01,8/27/2023 14:01:56,,,,,casual,5,Sunday,August,2023,13
17DCD0FBE8A2F1B2,electric_bike,11/30/2023 13:54:35,11/30/2023 14:07:11,,,,,member,12,Thursday,November,2023,13
DA16D64B8D98C999,electric_bike,6/10/2023 16:31:18,6/10/2023 16:38:31,,,,,member,7,Saturday,June,2023,16
D8C986C2886044C4,electric_bike,8/18/2023 16:53:14,8/18/2023 16:59:45,,,,,casual,6,Friday,August,2023,16
60EA74545B9D895F,electric_bike,8/26/2023 4:16:40,8/26/2023 4:17:51,,,,,casual,1,Saturday,August,2023,4
6A12559BF62A4356,electric_bike,6/30/2023 18:53:50,6/30/2023 19:02:08,,,,,member,8,Friday,June,2023,18
D6CBE404924D1C7F,electric_bike,9/12/2023 20:59:51,9/12/2023 21:14:11,,,,,member,14,Tuesday,September,2023,20
0F0F089082D2E8C4,electric_bike,6/11/2023 13:40:15,6/11/2023 13:44:24,,,,,casual,4,Sunday,June,2023,13
C15C8ED807B54A8E,electric_bike,2/10/2023 14:49:37,2/10/2023 14:57:57,,,,,member,8,Friday,February,2023,14
1BFDB58F0DE72F83,electric_bike,9/6/2023 20:34:56,9/6/2023 20:43:37,,,,,casual,8,Wednesday,September,2023,20
C922357090A4A59F,electric_bike,6/2/2023 13:40:07,6/2/2023 13:53:42,,,,,casual,13,Friday,June,2023,13
F303706B60CF7C1F,electric_bike,8/10/2023 11:03:47,8/10/2023 11:08:10,,,,,casual,4,Thursday,August,2023,11
C48BFCA2C4E6CA3C,electric_bike,2/9/2023 20:19:50,2/9/2023 20:34:52,,,,,member,15,Thursday,February,2023,20
4EC9916968797CED,electric_bike,2/10/2023 16:29:27,2/10/2023 16:32:52,,,,,member,3,Friday,February,2023,16
D448CA18A633056E,electric_bike,11/8/2023 14:59:30,11/8/2023 15:09:42,,,,,member,10,Wednesday,November,2023,14
BB89153EB749C16C,electric_bike,8/12/2023 16:44:08,8/12/2023 16:47:43,,,,,member,3,Saturday,August,2023,16
6C5BF1E3A43B004E,electric_bike,8/10/2023 16:45:19,8/10/2023 17:05:38,,,,,casual,20,Thursday,August,2023,16
43E1EA5633BED4AE,electric_bike,9/3/2023 14:36:43,9/3/2023 14:38:21,,,,,casual,1,Sunday,September,2023,14
B8600CEEE17E927E,electric_bike,8/30/2023 18:41:40,8/30/2023 18:52:18,,,,,member,10,Wednesday,August,2023,18
67898C1FA7AA554F,electric_bike,9/29/2023 14:17:02,9/29/2023 14:31:08,,,,,casual,14,Friday,September,2023,14
935A8AAB6683B238,electric_bike,4/29/2023 8:02:12,4/29/2023 8:06:42,,,,,casual,4,Saturday,April,2023,8
526C4603C452597E,electric_bike,10/11/2023 7:57:33,10/11/2023 8:14:10,,,,,member,16,Wednesday,October,2023,7
C420EB9D1B282ABB,electric_bike,8/15/2023 17:29:00,8/15/2023 17:38:04,,,,,member,9,Tuesday,August,2023,17
8C4555D4DA446EE8,electric_bike,8/15/2023 23:24:11,8/15/2023 23:34:21,,,,,casual,10,Tuesday,August,2023,23
E3F7A29AC2E4A4DC,electric_bike,2/7/2023 12:53:42,2/7/2023 13:04:26,,,,,member,10,Tuesday,February,2023,12
1BA8D0B6459BA7AB,electric_bike,9/22/2023 13:34:03,9/22/2023 13:39:14,,,,,member,5,Friday,September,2023,13
F7D647DE91F9E320,electric_bike,9/15/2023 19:38:16,9/15/2023 19:55:55,,,,,member,17,Friday,September,2023,19
9C5C0B57442DAB0B,electric_bike,1/24/2023 17:27:23,1/24/2023 17:28:43,,,,,member,1,Tuesday,January,2023,17
03F74005C66CEB21,electric_bike,9/18/2023 7:14:55,9/18/2023 7:22:06,,,,,member,7,Monday,September,2023,7
286F469B6CE8B9B1,electric_bike,12/9/2023 5:20:19,12/9/2023 5:42:05,,,,,member,21,Saturday,December,2023,5
31569D905403FEFE,electric_bike,8/4/2023 12:57:51,8/4/2023 13:46:58,,,,,casual,49,Friday,August,2023,12
3D3F623ECD042030,electric_bike,8/22/2023 21:31:51,8/22/2023 21:34:45,,,,,member,2,Tuesday,August,2023,21
FDE4DE89D40F8D5B,electric_bike,6/25/2023 17:20:20,6/25/2023 17:48:02,,,,,casual,27,Sunday,June,2023,17
A431CE16EEC38225,electric_bike,8/19/2023 16:03:16,8/19/2023 16:04:48,,,,,casual,1,Saturday,August,2023,16
70408919A4F323BA,electric_bike,8/27/2023 22:40:39,8/27/2023 22:43:10,,,,,member,2,Sunday,August,2023,22
8D3EBEBAAD6CE2C5,electric_bike,8/16/2023 11:47:46,8/16/2023 11:57:37,,,,,casual,9,Wednesday,August,2023,11
7EC045923F2D03D0,electric_bike,4/15/2023 19:36:49,4/15/2023 19:49:12,,,,,casual,12,Saturday,April,2023,19
56292300191F0F10,electric_bike,12/30/2023 14:31:10,12/30/2023 14:37:31,,,,,member,6,Saturday,December,2023,14
4F96EAC793C7D822,electric_bike,12/6/2023 19:16:05,12/6/2023 19:23:18,,,,,member,7,Wednesday,December,2023,19
666EAB371DD690D4,electric_bike,12/9/2023 22:24:01,12/9/2023 22:36:00,,,,,member,11,Saturday,December,2023,22
79600FC93FD45D88,electric_bike,8/22/2023 17:07:06,8/22/2023 17:12:05,,,,,member,4,Tuesday,August,2023,17
E0D835E91567A35F,electric_bike,6/25/2023 13:04:15,6/25/2023 13:20:02,,,,,casual,15,Sunday,June,2023,13
35E0B621D4B10C10,electric_bike,8/3/2023 14:02:35,8/3/2023 14:06:48,,,,,member,4,Thursday,August,2023,14
E97348657755CC7F,electric_bike,6/25/2023 1:13:19,6/25/2023 1:18:13,,,,,member,4,Sunday,June,2023,1
35A7DD5AACE40933,electric_bike,9/22/2023 18:41:28,9/22/2023 19:24:22,,,,,casual,42,Friday,September,2023,18
9CDA7D5CFBF0BEB8,electric_bike,9/1/2023 20:10:39,9/1/2023 20:25:40,,,,,casual,15,Friday,September,2023,20
DE4BA0BAE4A322A1,electric_bike,9/27/2023 10:57:24,9/27/2023 11:03:52,,,,,member,6,Wednesday,September,2023,10
F6F602BBD5E38B2E,electric_bike,7/28/2023 18:51:50,7/28/2023 19:05:36,,,,,member,13,Friday,July,2023,18
5B13E343A83333CE,electric_bike,11/30/2023 6:28:49,11/30/2023 6:35:05,,,,,member,6,Thursday,November,2023,6
4060BDC3E509F7FD,electric_bike,8/12/2023 10:06:55,8/12/2023 10:16:54,,,,,member,9,Saturday,August,2023,10
3038D1200E7B49AE,electric_bike,6/19/2023 18:19:59,6/19/2023 18:24:12,,,,,member,4,Monday,June,2023,18
111B378AE411C51A,electric_bike,6/18/2023 20:31:48,6/18/2023 20:54:28,,,,,casual,22,Sunday,June,2023,20
1E094FA3A109E7EB,electric_bike,8/24/2023 17:00:20,8/24/2023 17:12:39,,,,,member,12,Thursday,August,2023,17
AA7E323ABDE4695A,electric_bike,8/11/2023 18:37:10,8/11/2023 18:51:10,,,,,casual,14,Friday,August,2023,18
A28B698FCF125E17,electric_bike,9/14/2023 18:37:39,9/14/2023 18:50:01,,,,,member,12,Thursday,September,2023,18
4A2597943A5142FA,electric_bike,1/30/2023 17:45:36,1/30/2023 17:51:37,,,,,member,6,Monday,January,2023,17
41C90DCFEB7BE921,electric_bike,8/12/2023 13:10:55,8/12/2023 13:19:24,,,,,casual,8,Saturday,August,2023,13
BA7CF0B8F164AEBE,electric_bike,12/21/2023 14:43:01,12/21/2023 14:48:50,,,,,member,5,Thursday,December,2023,14
7F79F9F69ED32F00,electric_bike,8/19/2023 15:03:26,8/19/2023 15:52:36,,,,,casual,49,Saturday,August,2023,15
5375D4C5E03EA506,electric_bike,8/25/2023 7:45:56,8/25/2023 8:12:19,,,,,casual,26,Friday,August,2023,7
8FAD8CAEBCD25DDD,electric_bike,6/9/2023 23:22:22,6/9/2023 23:29:56,,,,,casual,7,Friday,June,2023,23
48BBE902D244FE41,electric_bike,9/29/2023 17:07:25,9/29/2023 17:24:01,,,,,member,16,Friday,September,2023,17
AFC3DACFE77F1A64,electric_bike,6/26/2023 15:02:55,6/26/2023 15:05:44,,,,,member,2,Monday,June,2023,15
89A7DC42DF87C916,electric_bike,9/10/2023 21:22:27,9/10/2023 21:36:57,,,,,casual,14,Sunday,September,2023,21
AE519B53A9BEACDE,electric_bike,8/19/2023 11:30:24,8/19/2023 11:39:28,,,,,member,9,Saturday,August,2023,11
5ACDDF4359DD74B9,electric_bike,8/18/2023 13:30:03,8/18/2023 13:38:25,,,,,casual,8,Friday,August,2023,13
BC8D183DB24CA3C6,electric_bike,12/13/2023 17:20:54,12/13/2023 17:27:16,,,,,member,6,Wednesday,December,2023,17
D3A1C48CF11E9BDA,electric_bike,9/1/2023 16:09:45,9/1/2023 16:13:47,,,,,casual,4,Friday,September,2023,16
E8D1908018804628,electric_bike,9/6/2023 16:47:14,9/6/2023 16:53:10,,,,,casual,5,Wednesday,September,2023,16
557BA3C2B217CE61,electric_bike,8/4/2023 22:05:57,8/4/2023 22:10:17,,,,,casual,4,Friday,August,2023,22
E339B850F1CE95D4,electric_bike,6/16/2023 0:05:37,6/16/2023 0:13:19,,,,,member,7,Friday,June,2023,0
A651EFAE8FB29FB1,electric_bike,2/19/2023 16:10:44,2/19/2023 16:43:58,,,,,member,33,Sunday,February,2023,16
7DF2D08277463720,electric_bike,9/21/2023 21:00:41,9/21/2023 21:17:12,,,,,member,16,Thursday,September,2023,21
87101EF381014CCD,electric_bike,3/30/2023 16:02:58,3/30/2023 16:11:33,,,,,member,8,Thursday,March,2023,16
C37ED82340EBC70A,electric_bike,3/19/2023 19:55:01,3/19/2023 19:57:41,,,,,member,2,Sunday,March,2023,19
1FCC16819D9216D7,electric_bike,8/27/2023 9:44:20,8/27/2023 10:10:11,,,,,member,25,Sunday,August,2023,9
911A66E9F586A53A,electric_bike,6/7/2023 17:56:31,6/7/2023 18:34:59,,,,,casual,38,Wednesday,June,2023,17
FD40EEC90B1D383B,electric_bike,2/15/2023 12:49:48,2/15/2023 12:55:33,,,,,casual,5,Wednesday,February,2023,12
23055BF58F39C1C9,electric_bike,9/20/2023 11:25:10,9/20/2023 11:31:11,,,,,casual,6,Wednesday,September,2023,11
23BD1A226150F2CD,electric_bike,4/26/2023 21:50:24,4/26/2023 21:58:14,,,,,casual,7,Wednesday,April,2023,21
EA42D2B198B962A5,electric_bike,9/9/2023 21:19:55,9/9/2023 21:27:27,,,,,casual,7,Saturday,September,2023,21
0284136C182937FA,electric_bike,11/19/2023 14:38:05,11/19/2023 14:46:42,,,,,member,8,Sunday,November,2023,14
920A0928D29417A6,electric_bike,3/5/2023 22:00:28,3/5/2023 22:09:19,,,,,casual,8,Sunday,March,2023,22
A6AC0EACF35497EF,electric_bike,9/12/2023 12:37:20,9/12/2023 12:45:14,,,,,member,7,Tuesday,September,2023,12
E19F5AB614598851,electric_bike,6/14/2023 17:58:38,6/14/2023 18:12:43,,,,,casual,14,Wednesday,June,2023,17
9EF0A66857299F90,electric_bike,9/11/2023 18:41:16,9/11/2023 19:00:00,,,,,member,18,Monday,September,2023,18
21FB8489D4F10683,electric_bike,2/16/2023 4:54:48,2/16/2023 5:00:51,,,,,member,6,Thursday,February,2023,4
1E77BA6F9ADB4543,electric_bike,6/9/2023 21:00:23,6/9/2023 21:03:59,,,,,member,3,Friday,June,2023,21
AD35F16BE93707B7,electric_bike,3/24/2023 11:50:40,3/24/2023 11:54:13,,,,,member,3,Friday,March,2023,11
A1F02DDB7E2862FE,electric_bike,3/7/2023 13:13:47,3/7/2023 13:32:57,,,,,member,19,Tuesday,March,2023,13
7C3AD72506272E4A,electric_bike,4/9/2023 10:00:01,4/9/2023 10:05:11,,,,,casual,5,Sunday,April,2023,10
20FF13F7B35FB4FB,electric_bike,3/8/2023 15:27:46,3/8/2023 16:18:51,,,,,casual,51,Wednesday,March,2023,15
833985B89F95694D,electric_bike,8/3/2023 11:00:59,8/3/2023 11:05:52,,,,,member,4,Thursday,August,2023,11
367A3EE72D7E4131,electric_bike,2/18/2023 18:12:12,2/18/2023 18:16:20,,,,,member,4,Saturday,February,2023,18
9339A48AD8C61585,electric_bike,9/5/2023 17:18:21,9/5/2023 17:29:41,,,,,member,11,Tuesday,September,2023,17
ECB85EE56853D5F8,electric_bike,8/30/2023 23:46:14,8/30/2023 23:49:32,,,,,casual,3,Wednesday,August,2023,23
294527444DB329AA,electric_bike,9/1/2023 22:12:27,9/1/2023 22:13:46,,,,,casual,1,Friday,September,2023,22
55EE3BD50F28C79A,electric_bike,9/12/2023 19:30:37,9/12/2023 19:37:10,,,,,member,6,Tuesday,September,2023,19
89B6B41EDCA940F4,electric_bike,8/13/2023 21:17:16,8/13/2023 21:20:32,,,,,casual,3,Sunday,August,2023,21
F40FD792F1B048FA,electric_bike,8/21/2023 19:54:16,8/21/2023 19:59:41,,,,,member,5,Monday,August,2023,19
455D867C33B6075A,electric_bike,9/6/2023 9:32:21,9/6/2023 9:37:44,,,,,member,5,Wednesday,September,2023,9
5E2D0BA29B9315B3,electric_bike,3/28/2023 8:07:50,3/28/2023 8:20:38,,,,,member,12,Tuesday,March,2023,8
D1B44EBA7E74428A,electric_bike,8/29/2023 16:18:28,8/29/2023 16:25:52,,,,,casual,7,Tuesday,August,2023,16
8771B8145FB72C3D,electric_bike,6/19/2023 17:38:26,6/19/2023 17:45:21,,,,,casual,6,Monday,June,2023,17
1DF0EADC26540E7C,electric_bike,8/11/2023 18:48:52,8/11/2023 19:04:07,,,,,casual,15,Friday,August,2023,18
A950A41D1309780D,electric_bike,9/15/2023 11:53:54,9/15/2023 12:11:16,,,,,casual,17,Friday,September,2023,11
9748062D6F41EF72,electric_bike,9/16/2023 10:30:50,9/16/2023 10:38:58,,,,,member,8,Saturday,September,2023,10
88AADA457BF5070E,electric_bike,8/9/2023 17:17:04,8/9/2023 17:33:23,,,,,member,16,Wednesday,August,2023,17
9CE27173A920B3A8,electric_bike,6/9/2023 18:07:53,6/9/2023 18:11:20,,,,,casual,3,Friday,June,2023,18
A9B13C93CBFA711E,electric_bike,8/22/2023 18:48:09,8/22/2023 19:05:29,,,,,casual,17,Tuesday,August,2023,18
1A6746DBF1383D93,electric_bike,6/10/2023 18:31:17,6/10/2023 18:55:48,,,,,member,24,Saturday,June,2023,18
D71431F13884E870,electric_bike,9/9/2023 18:40:01,9/9/2023 19:05:14,,,,,casual,25,Saturday,September,2023,18
5C7D78D80C0396EC,electric_bike,2/13/2023 18:24:00,2/13/2023 18:39:02,,,,,member,15,Monday,February,2023,18
84DAEDBF169E5E82,electric_bike,9/24/2023 12:18:54,9/24/2023 12:27:31,,,,,member,8,Sunday,September,2023,12
F905B2455C3627E9,electric_bike,1/12/2023 21:44:36,1/12/2023 21:47:21,,,,,casual,2,Thursday,January,2023,21
7CB47FB80930EF63,electric_bike,7/23/2023 8:31:26,7/23/2023 8:49:59,,,,,casual,18,Sunday,July,2023,8
BBD30E40B0C6CA11,electric_bike,8/15/2023 18:26:32,8/15/2023 18:35:46,,,,,member,9,Tuesday,August,2023,18
1A923359E3FD76BB,electric_bike,2/16/2023 5:30:14,2/16/2023 5:57:04,,,,,member,26,Thursday,February,2023,5
71A32C351BF4BFAB,electric_bike,12/9/2023 14:07:36,12/9/2023 14:25:41,,,,,member,18,Saturday,December,2023,14
2A73AD0E458B43FC,electric_bike,6/2/2023 18:19:24,6/2/2023 18:20:56,,,,,casual,1,Friday,June,2023,18
A9C65434997556F0,electric_bike,9/8/2023 14:33:13,9/8/2023 14:37:56,,,,,casual,4,Friday,September,2023,14
E2C8DDB0793E3EEA,electric_bike,4/27/2023 15:42:05,4/27/2023 15:55:30,,,,,member,13,Thursday,April,2023,15
7AB0AD58FD4B1D95,electric_bike,12/30/2023 17:05:04,12/30/2023 17:13:52,,,,,member,8,Saturday,December,2023,17
6AA717ED0EE95FDA,electric_bike,8/28/2023 21:18:13,8/28/2023 21:19:30,,,,,casual,1,Monday,August,2023,21
AD026DDAC3B6F32F,electric_bike,8/6/2023 8:27:03,8/6/2023 8:30:13,,,,,member,3,Sunday,August,2023,8
BFD6D54BE97CB93B,electric_bike,6/10/2023 16:06:58,6/10/2023 16:18:23,,,,,member,11,Saturday,June,2023,16
12E5B9CD1C6663B2,electric_bike,8/31/2023 18:31:03,8/31/2023 18:33:20,,,,,member,2,Thursday,August,2023,18
FA4CB709EC97B532,electric_bike,4/13/2023 18:19:55,4/13/2023 18:24:37,,,,,member,4,Thursday,April,2023,18
B5D601EB99AB0C95,electric_bike,6/17/2023 12:18:17,6/17/2023 12:28:30,,,,,casual,10,Saturday,June,2023,12
69765077DC40E731,electric_bike,12/13/2023 13:02:17,12/13/2023 13:06:35,,,,,member,4,Wednesday,December,2023,13
4F82564B9AE5D710,electric_bike,6/22/2023 22:35:53,6/22/2023 22:48:05,,,,,casual,12,Thursday,June,2023,22
81396150813CC213,electric_bike,8/17/2023 7:40:49,8/17/2023 7:43:53,,,,,member,3,Thursday,August,2023,7
22EC63EF9DD2F2D6,electric_bike,11/3/2023 13:39:02,11/3/2023 13:46:18,,,,,casual,7,Friday,November,2023,13
446FF11803FEA3E8,electric_bike,6/26/2023 18:06:27,6/26/2023 18:10:12,,,,,member,3,Monday,June,2023,18
A32DF6BA71BA01C3,electric_bike,6/23/2023 19:14:19,6/23/2023 19:24:12,,,,,casual,9,Friday,June,2023,19
237B55D3E6B31722,electric_bike,6/7/2023 19:57:09,6/7/2023 20:08:22,,,,,member,11,Wednesday,June,2023,19
F011CDEBB8D7ABD8,electric_bike,12/18/2023 4:50:53,12/18/2023 4:53:03,,,,,casual,2,Monday,December,2023,4
F21FFB0CD87279DB,electric_bike,6/19/2023 19:39:39,6/19/2023 19:42:03,,,,,member,2,Monday,June,2023,19
2EE20D95800C6F50,electric_bike,7/21/2023 14:49:14,7/21/2023 14:55:47,,,,,member,6,Friday,July,2023,14
CA0B59572B0F6EC3,electric_bike,4/15/2023 15:09:47,4/15/2023 15:14:03,,,,,casual,4,Saturday,April,2023,15
9EEE089425423953,electric_bike,4/27/2023 12:07:08,4/27/2023 12:09:34,,,,,member,2,Thursday,April,2023,12
DC84D685571F7EC3,electric_bike,11/12/2023 12:43:37,11/12/2023 13:00:34,,,,,member,16,Sunday,November,2023,12
BAE537AAEAD70F97,electric_bike,11/7/2023 9:29:30,11/7/2023 9:32:06,,,,,member,2,Tuesday,November,2023,9
A2CD9BAE89AB2690,electric_bike,5/26/2023 0:10:46,5/26/2023 0:18:27,,,,,member,7,Friday,May,2023,0
2149605BCD5CDF90,electric_bike,5/29/2023 20:46:22,5/29/2023 21:05:15,,,,,member,18,Monday,May,2023,20
56CA85A263C50E5F,electric_bike,7/24/2023 15:43:40,7/24/2023 16:12:04,,,,,member,28,Monday,July,2023,15
748CFB4187C66AEC,electric_bike,10/21/2023 11:59:34,10/21/2023 12:03:36,,,,,member,4,Saturday,October,2023,11
66BD77209CD36376,electric_bike,9/12/2023 22:01:47,9/12/2023 22:32:31,,,,,casual,30,Tuesday,September,2023,22
E585607B6DCA600F,electric_bike,7/2/2023 11:34:33,7/2/2023 12:03:12,,,,,member,28,Sunday,July,2023,11
10CD2D7701443A03,electric_bike,5/5/2023 15:41:23,5/5/2023 16:04:11,,,,,casual,22,Friday,May,2023,15
5C0193BDA57D1788,electric_bike,7/9/2023 17:42:34,7/9/2023 17:58:11,,,,,casual,15,Sunday,July,2023,17
161D40026B1D0A04,electric_bike,7/28/2023 18:54:04,7/28/2023 18:55:22,,,,,casual,1,Friday,July,2023,18
9D5340897F1215F3,electric_bike,4/14/2023 0:11:59,4/14/2023 0:24:04,,,,,member,12,Friday,April,2023,0
8ECEEBFAD5A5DF97,electric_bike,10/3/2023 16:24:21,10/3/2023 16:55:13,,,,,member,30,Tuesday,October,2023,16
BDCEBD07ED78BB24,electric_bike,7/15/2023 0:02:28,7/15/2023 0:30:09,,,,,member,27,Saturday,July,2023,0
F4B7F87F11D2A336,electric_bike,7/13/2023 15:06:27,7/13/2023 15:18:10,,,,,member,11,Thursday,July,2023,15
E23CF3C7550D44C0,electric_bike,5/5/2023 11:48:41,5/5/2023 12:05:48,,,,,casual,17,Friday,May,2023,11
2D1FEDC8BEAB200A,electric_bike,5/30/2023 20:59:18,5/30/2023 21:00:42,,,,,casual,1,Tuesday,May,2023,20
2EB57E7D918AD3B3,electric_bike,7/22/2023 15:27:28,7/22/2023 15:28:29,,,,,casual,1,Saturday,July,2023,15
DAFF21FEBFFBBD16,electric_bike,7/25/2023 20:09:47,7/25/2023 20:26:20,,,,,member,16,Tuesday,July,2023,20
D830C47DBC49D806,electric_bike,4/1/2023 0:37:41,4/1/2023 0:52:22,,,,,member,14,Saturday,April,2023,0
3474E24CCC0DE6D9,electric_bike,11/11/2023 17:22:59,11/11/2023 17:28:40,,,,,member,5,Saturday,November,2023,17
14A740EF4A46CA83,electric_bike,10/9/2023 17:43:58,10/9/2023 17:50:51,,,,,member,6,Monday,October,2023,17
1924AA641F3D2827,electric_bike,10/3/2023 17:13:32,10/3/2023 17:18:05,,,,,member,4,Tuesday,October,2023,17
199238129C266B18,electric_bike,9/16/2023 1:01:09,9/16/2023 1:37:20,,,,,casual,36,Saturday,September,2023,1
64F616FB55985EE6,electric_bike,12/28/2023 16:27:04,12/28/2023 16:44:14,,,,,member,17,Thursday,December,2023,16
D0DDAA82A70D4954,electric_bike,1/13/2023 13:49:29,1/13/2023 13:55:31,,,,,member,6,Friday,January,2023,13
EC1875A7703E7EE4,electric_bike,7/13/2023 22:29:57,7/13/2023 22:39:09,,,,,member,9,Thursday,July,2023,22
45E1BEFE9726067C,electric_bike,4/27/2023 8:50:05,4/27/2023 9:20:18,,,,,member,30,Thursday,April,2023,8
ACFEC881D5055296,electric_bike,4/28/2023 16:41:35,4/28/2023 16:49:46,,,,,casual,8,Friday,April,2023,16
502361BC995BB009,electric_bike,4/13/2023 23:19:02,4/13/2023 23:22:07,,,,,member,3,Thursday,April,2023,23
57BFC10E4F5AF49F,electric_bike,5/8/2023 6:28:53,5/8/2023 6:31:30,,,,,member,2,Monday,May,2023,6
A2DC9E7C72C5E491,electric_bike,4/14/2023 16:10:49,4/14/2023 16:16:15,,,,,member,5,Friday,April,2023,16
F9079FD112577E82,electric_bike,12/23/2023 15:58:40,12/23/2023 16:02:07,,,,,member,3,Saturday,December,2023,15
C7697AC1B8E219B4,electric_bike,2/23/2023 15:16:27,2/23/2023 15:22:16,,,,,member,5,Thursday,February,2023,15
E5DB9F803EC643B6,electric_bike,9/10/2023 17:30:15,9/10/2023 17:42:38,,,,,casual,12,Sunday,September,2023,17
3C76DC63E266BAE6,electric_bike,5/13/2023 8:56:04,5/13/2023 9:19:29,,,,,member,23,Saturday,May,2023,8
FE43B2F527F79C6D,electric_bike,11/6/2023 7:23:49,11/6/2023 7:24:51,,,,,casual,1,Monday,November,2023,7
922188CD70A8AE92,electric_bike,10/21/2023 15:27:36,10/21/2023 16:05:31,,,,,member,37,Saturday,October,2023,15
B92CDC96DFA48C50,electric_bike,4/24/2023 19:33:57,4/24/2023 19:38:35,,,,,member,4,Monday,April,2023,19
1223EEAF9E69F779,electric_bike,4/8/2023 14:08:28,4/8/2023 14:15:37,,,,,member,7,Saturday,April,2023,14
43E94F1A90303957,electric_bike,7/19/2023 17:53:35,7/19/2023 17:58:41,,,,,member,5,Wednesday,July,2023,17
F48E61AF983C484D,electric_bike,5/1/2023 7:18:52,5/1/2023 7:24:06,,,,,member,5,Monday,May,2023,7
6D525B688835DD5C,electric_bike,4/15/2023 10:08:11,4/15/2023 10:12:00,,,,,member,3,Saturday,April,2023,10
5DC57AC23FC4BF48,electric_bike,7/28/2023 16:29:33,7/28/2023 16:35:51,,,,,member,6,Friday,July,2023,16
1764B5FF698E896D,electric_bike,10/17/2023 13:59:29,10/17/2023 14:11:06,,,,,casual,11,Tuesday,October,2023,13
C12E9BE4D4D2CAEE,electric_bike,10/29/2023 14:19:12,10/29/2023 14:27:11,,,,,member,7,Sunday,October,2023,14
E593987B23BA6169,electric_bike,11/18/2023 18:11:10,11/18/2023 18:33:22,,,,,casual,22,Saturday,November,2023,18
3434A7324C252B9C,electric_bike,5/25/2023 17:50:36,5/25/2023 17:54:40,,,,,member,4,Thursday,May,2023,17
1A036839CCA688EB,electric_bike,10/1/2023 15:39:03,10/1/2023 15:40:11,,,,,casual,1,Sunday,October,2023,15
52ABECA69789C776,electric_bike,4/15/2023 16:00:19,4/15/2023 16:09:26,,,,,member,9,Saturday,April,2023,16
7F0FE5CB84829432,electric_bike,12/19/2023 17:14:03,12/19/2023 17:26:09,,,,,member,12,Tuesday,December,2023,17
A23528B7A941C4F2,electric_bike,8/1/2023 8:03:10,8/1/2023 8:19:19,,,,,member,16,Tuesday,August,2023,8
98371D13B065FFB1,electric_bike,11/21/2023 15:02:20,11/21/2023 15:07:17,,,,,member,4,Tuesday,November,2023,15
A01C9C252F8252EC,electric_bike,10/18/2023 11:47:12,10/18/2023 11:52:40,,,,,member,5,Wednesday,October,2023,11
A2F8D6A2E391E467,electric_bike,11/1/2023 0:01:46,11/1/2023 0:02:54,,,,,casual,1,Wednesday,November,2023,0
11AB5C9DD88D8F3B,electric_bike,5/29/2023 15:28:39,5/29/2023 16:19:20,,,,,casual,50,Monday,May,2023,15
B3F6C54BC8904B50,electric_bike,11/22/2023 21:35:45,11/22/2023 21:42:50,,,,,casual,7,Wednesday,November,2023,21
9A86C7A6BCF36874,electric_bike,11/17/2023 22:49:38,11/17/2023 23:10:14,,,,,casual,20,Friday,November,2023,22
8A62FC7BD53B16FA,electric_bike,11/19/2023 17:12:40,11/19/2023 17:17:29,,,,,member,4,Sunday,November,2023,17
2E7669BE3FA05681,electric_bike,10/8/2023 10:28:29,10/8/2023 10:52:31,,,,,member,24,Sunday,October,2023,10
834B5499808AA684,electric_bike,9/7/2023 15:02:48,9/7/2023 15:07:35,,,,,member,4,Thursday,September,2023,15
0170A8CC63229C2F,electric_bike,10/26/2023 16:30:26,10/26/2023 16:40:14,,,,,member,9,Thursday,October,2023,16
AA8E618D6BD6A44C,electric_bike,6/16/2023 16:13:40,6/16/2023 16:52:36,,,,,casual,38,Friday,June,2023,16
849AE0394802C85E,electric_bike,10/7/2023 13:20:33,10/7/2023 14:00:39,,,,,casual,40,Saturday,October,2023,13
B4610F37AE1FCE1D,electric_bike,10/20/2023 17:47:28,10/20/2023 17:53:46,,,,,member,6,Friday,October,2023,17
B434B83C78458D3A,electric_bike,7/30/2023 16:11:07,7/30/2023 16:58:29,,,,,member,47,Sunday,July,2023,16
BBC380A2D4BEFC37,electric_bike,5/27/2023 19:26:19,5/27/2023 19:27:42,,,,,casual,1,Saturday,May,2023,19
D1AEB7F71B631554,electric_bike,7/20/2023 18:57:24,7/20/2023 18:58:44,,,,,casual,1,Thursday,July,2023,18
1B9300869FA04575,electric_bike,10/2/2023 16:23:47,10/2/2023 16:28:13,,,,,member,4,Monday,October,2023,16
2D136F33A4DFF3E0,electric_bike,10/9/2023 14:57:35,10/9/2023 15:07:38,,,,,member,10,Monday,October,2023,14
311F93B44544B2BF,electric_bike,4/14/2023 15:02:12,4/14/2023 15:32:22,,,,,casual,30,Friday,April,2023,15
3DE8CBCB14EF3E78,electric_bike,7/20/2023 19:56:34,7/20/2023 20:00:00,,,,,member,3,Thursday,July,2023,19
0B9B8E1617CA678E,electric_bike,7/29/2023 15:50:33,7/29/2023 16:16:06,,,,,member,25,Saturday,July,2023,15
AA244989BC30E7EB,electric_bike,10/7/2023 16:38:13,10/7/2023 16:45:23,,,,,casual,7,Saturday,October,2023,16
518C8FB45ECED8CC,electric_bike,8/8/2023 18:08:49,8/8/2023 18:11:39,,,,,member,2,Tuesday,August,2023,18
3FF4FFAE54279F51,electric_bike,7/5/2023 15:08:45,7/5/2023 15:43:46,,,,,member,35,Wednesday,July,2023,15
D20BF1353AD896D7,electric_bike,7/30/2023 17:55:14,7/30/2023 17:57:50,,,,,member,2,Sunday,July,2023,17
9EEFF94FC0086E8C,electric_bike,4/13/2023 8:00:42,4/13/2023 8:14:55,,,,,member,14,Thursday,April,2023,8
62C8D17C72117ECB,electric_bike,7/5/2023 2:41:24,7/5/2023 2:45:41,,,,,casual,4,Wednesday,July,2023,2
123924EFA584AD14,electric_bike,5/26/2023 12:36:05,5/26/2023 12:45:48,,,,,casual,9,Friday,May,2023,12
DD2D83F4B21F58DF,electric_bike,5/21/2023 14:00:26,5/21/2023 14:43:04,,,,,casual,42,Sunday,May,2023,14
B840639849BD580E,electric_bike,5/5/2023 13:49:57,5/5/2023 14:11:33,,,,,casual,21,Friday,May,2023,13
E86A35FF42304A91,electric_bike,5/12/2023 4:53:38,5/12/2023 5:21:46,,,,,casual,28,Friday,May,2023,4
AA5F24118602EBF2,electric_bike,7/11/2023 18:06:58,7/11/2023 18:21:58,,,,,casual,15,Tuesday,July,2023,18
646BFDD9746235C4,electric_bike,5/31/2023 21:24:08,5/31/2023 21:39:15,,,,,member,15,Wednesday,May,2023,21
27182200F9DA25A0,electric_bike,4/1/2023 0:51:23,4/1/2023 0:52:57,,,,,member,1,Saturday,April,2023,0
BB8662EA161E0F05,electric_bike,10/3/2023 17:47:37,10/3/2023 18:00:42,,,,,member,13,Tuesday,October,2023,17
0EA2F74EA8534F0C,electric_bike,7/29/2023 19:28:20,7/29/2023 19:48:39,,,,,member,20,Saturday,July,2023,19
6FC73281ED9D698F,electric_bike,7/24/2023 20:21:01,7/24/2023 21:23:40,,,,,casual,62,Monday,July,2023,20
87EC117BC5DF443D,electric_bike,11/8/2023 10:44:09,11/8/2023 10:47:04,,,,,member,2,Wednesday,November,2023,10
B6F14AABBB2066BB,electric_bike,1/13/2023 17:52:38,1/13/2023 18:23:50,,,,,casual,31,Friday,January,2023,17
2D1160F598E74A88,electric_bike,1/28/2023 14:58:29,1/28/2023 15:04:01,,,,,casual,5,Saturday,January,2023,14
06E3E92F815DFEC5,electric_bike,8/27/2023 14:46:50,8/27/2023 14:53:50,,,,,casual,7,Sunday,August,2023,14
1D526DD100D8C392,electric_bike,9/1/2023 21:59:04,9/1/2023 22:15:07,,,,,casual,16,Friday,September,2023,21
60707C7A8325F023,electric_bike,10/2/2023 9:06:09,10/2/2023 9:30:25,,,,,casual,24,Monday,October,2023,9
922327EBBE71C68C,electric_bike,5/27/2023 16:08:34,5/27/2023 16:27:44,,,,,casual,19,Saturday,May,2023,16
C416C1C99477E91C,electric_bike,7/11/2023 21:27:42,7/11/2023 21:34:01,,,,,member,6,Tuesday,July,2023,21
40EC45EE8A6EC9E5,electric_bike,7/4/2023 14:00:12,7/4/2023 14:59:20,,,,,casual,59,Tuesday,July,2023,14
E0A3AA310894F67A,electric_bike,5/12/2023 19:52:42,5/12/2023 20:10:53,,,,,member,18,Friday,May,2023,19
C28E8D185C6DFB83,electric_bike,4/16/2023 0:14:26,4/16/2023 0:18:51,,,,,member,4,Sunday,April,2023,0
AF3C75401B1C8857,electric_bike,5/3/2023 10:07:57,5/3/2023 10:25:08,,,,,member,17,Wednesday,May,2023,10
2ED873894C7E689C,electric_bike,7/13/2023 14:19:55,7/13/2023 15:11:39,,,,,casual,51,Thursday,July,2023,14
852FBC48279C808B,electric_bike,7/30/2023 16:33:08,7/30/2023 16:45:50,,,,,casual,12,Sunday,July,2023,16
5DB16FB5A272DD3E,electric_bike,4/20/2023 19:27:37,4/20/2023 19:32:44,,,,,member,5,Thursday,April,2023,19
63DE611620551D18,electric_bike,5/31/2023 22:36:16,5/31/2023 22:49:54,,,,,member,13,Wednesday,May,2023,22
98404E772BC982FD,electric_bike,7/20/2023 14:26:18,7/20/2023 14:32:33,,,,,member,6,Thursday,July,2023,14
FA3DFD91B8BF7C5B,electric_bike,10/20/2023 12:06:50,10/20/2023 12:08:12,,,,,casual,1,Friday,October,2023,12
DC2D41E3AC4862AD,electric_bike,5/15/2023 19:29:32,5/15/2023 19:34:55,,,,,member,5,Monday,May,2023,19
7CA74AD32872C45A,electric_bike,6/18/2023 1:06:02,6/18/2023 1:12:12,,,,,casual,6,Sunday,June,2023,1
2B50A9D8BF24FF42,electric_bike,6/20/2023 13:23:08,6/20/2023 13:34:51,,,,,member,11,Tuesday,June,2023,13
F8FB596D0B5F89E3,electric_bike,7/21/2023 8:14:05,7/21/2023 8:39:06,,,,,casual,25,Friday,July,2023,8
6358899CCC58864B,electric_bike,5/31/2023 8:54:01,5/31/2023 8:59:45,,,,,casual,5,Wednesday,May,2023,8
5B6686E27DA4B50B,electric_bike,4/19/2023 12:29:14,4/19/2023 12:37:19,,,,,member,8,Wednesday,April,2023,12
51F2D17416F9A63A,electric_bike,10/12/2023 7:49:12,10/12/2023 7:54:41,,,,,member,5,Thursday,October,2023,7
0C2ADB40B13A6821,electric_bike,11/22/2023 17:18:40,11/22/2023 17:25:58,,,,,member,7,Wednesday,November,2023,17
AFBD557134D52AA5,electric_bike,4/29/2023 19:28:28,4/29/2023 19:31:58,,,,,member,3,Saturday,April,2023,19
C9FB9102F5354952,electric_bike,7/8/2023 12:23:17,7/8/2023 12:51:06,,,,,casual,27,Saturday,July,2023,12
1BD0056B5DD5FE9B,electric_bike,7/11/2023 16:03:35,7/11/2023 16:13:56,,,,,member,10,Tuesday,July,2023,16
2DE3ACF174E3508B,electric_bike,4/14/2023 7:45:22,4/14/2023 7:50:45,,,,,member,5,Friday,April,2023,7
0FEA65D5A1CC74A9,electric_bike,7/10/2023 12:18:09,7/10/2023 12:29:43,,,,,member,11,Monday,July,2023,12
AB412C77ED375EF2,electric_bike,5/4/2023 15:08:38,5/4/2023 15:19:18,,,,,casual,10,Thursday,May,2023,15
0CFFADBC5EAC56BA,electric_bike,10/8/2023 14:58:05,10/8/2023 14:59:23,,,,,member,1,Sunday,October,2023,14
9DFC0DA93B784A39,electric_bike,5/31/2023 20:39:58,5/31/2023 21:05:39,,,,,member,25,Wednesday,May,2023,20
AB0CAE83D5F21128,electric_bike,10/22/2023 16:52:34,10/22/2023 17:00:42,,,,,member,8,Sunday,October,2023,16
EACD4EA4FC737D89,electric_bike,6/16/2023 21:31:57,6/16/2023 21:54:09,,,,,member,22,Friday,June,2023,21
9F56344232EEC086,electric_bike,6/4/2023 0:19:43,6/4/2023 0:21:19,,,,,casual,1,Sunday,June,2023,0
FFE9AD2A1C6D9BFE,electric_bike,6/24/2023 14:23:26,6/24/2023 14:29:34,,,,,casual,6,Saturday,June,2023,14
321E098B55153FCC,electric_bike,6/4/2023 1:48:13,6/4/2023 2:08:20,,,,,casual,20,Sunday,June,2023,1
BF04722058893BF5,electric_bike,9/18/2023 22:30:22,9/18/2023 22:38:22,,,,,member,8,Monday,September,2023,22
DC12E5D779A0528A,electric_bike,8/1/2023 18:56:36,8/1/2023 19:07:51,,,,,member,11,Tuesday,August,2023,18
080D291534A0FBD2,electric_bike,8/28/2023 17:58:32,8/28/2023 18:10:38,,,,,member,12,Monday,August,2023,17
169F64EEEB5580DB,electric_bike,12/27/2023 19:04:31,12/27/2023 19:10:58,,,,,member,6,Wednesday,December,2023,19
A41EBC013EC7B6A7,electric_bike,6/24/2023 12:12:10,6/24/2023 12:48:06,,,,,member,35,Saturday,June,2023,12
DAA3EB0A2AADBEB8,electric_bike,9/18/2023 14:42:42,9/18/2023 14:47:59,,,,,member,5,Monday,September,2023,14
503DC51CD419B578,electric_bike,7/20/2023 23:01:32,7/20/2023 23:33:44,,,,,casual,32,Thursday,July,2023,23
AFFF39AFA7A667EE,electric_bike,8/19/2023 16:58:39,8/19/2023 17:08:07,,,,,member,9,Saturday,August,2023,16
6D78BD7E79ADF41E,electric_bike,6/15/2023 8:34:27,6/15/2023 8:49:09,,,,,member,14,Thursday,June,2023,8
A66045DC75F90EB7,electric_bike,2/24/2023 17:59:14,2/24/2023 18:04:10,,,,,member,4,Friday,February,2023,17
FFD3FA36F6403176,electric_bike,8/21/2023 16:25:40,8/21/2023 16:33:19,,,,,member,7,Monday,August,2023,16
B65940A873BB2BFA,electric_bike,2/7/2023 16:10:55,2/7/2023 16:31:30,,,,,casual,20,Tuesday,February,2023,16
912CAA420891DF7F,electric_bike,12/16/2023 9:37:07,12/16/2023 9:41:43,,,,,member,4,Saturday,December,2023,9
A32EEAB4BBEAB507,electric_bike,9/27/2023 19:42:13,9/27/2023 19:52:11,,,,,casual,9,Wednesday,September,2023,19
6271AF30B3EAFEBD,electric_bike,1/3/2023 18:13:29,1/3/2023 18:15:44,,,,,member,2,Tuesday,January,2023,18
2DD0DCA83C5EE319,electric_bike,9/16/2023 21:18:20,9/16/2023 21:32:23,,,,,member,14,Saturday,September,2023,21
816860D3BD4F0FBB,electric_bike,8/30/2023 22:03:57,8/30/2023 22:11:45,,,,,member,7,Wednesday,August,2023,22
D31C3F1FBDDEE9C9,electric_bike,9/23/2023 14:42:37,9/23/2023 14:55:28,,,,,casual,12,Saturday,September,2023,14
4686CEE80D5548DB,electric_bike,8/18/2023 6:48:05,8/18/2023 6:51:55,,,,,member,3,Friday,August,2023,6
06261FDBACC7C863,electric_bike,9/16/2023 11:04:34,9/16/2023 11:10:39,,,,,casual,6,Saturday,September,2023,11
FFB86BC84ADC024D,electric_bike,1/28/2023 11:29:56,1/28/2023 11:36:40,,,,,member,6,Saturday,January,2023,11
EF254193E6043B1C,electric_bike,4/20/2023 17:57:25,4/20/2023 17:59:55,,,,,casual,2,Thursday,April,2023,17
50D28238FC300B5B,electric_bike,4/15/2023 19:45:47,4/15/2023 19:53:14,,,,,member,7,Saturday,April,2023,19
4A0DCCFD2CFCCFAC,electric_bike,4/20/2023 18:23:49,4/20/2023 18:28:15,,,,,member,4,Thursday,April,2023,18
622913C80C0D825C,electric_bike,4/28/2023 6:49:41,4/28/2023 7:05:09,,,,,member,15,Friday,April,2023,6
2A8791FFBD586DD3,electric_bike,11/7/2023 20:53:47,11/7/2023 21:03:00,,,,,member,9,Tuesday,November,2023,20
03022678896A5DEE,electric_bike,9/14/2023 12:11:24,9/14/2023 12:15:39,,,,,casual,4,Thursday,September,2023,12
C3722E119E2AD7B1,electric_bike,9/3/2023 12:12:03,9/3/2023 12:17:38,,,,,member,5,Sunday,September,2023,12
EA4C00ABD761A3DB,electric_bike,7/8/2023 21:39:32,7/8/2023 22:19:19,,,,,member,39,Saturday,July,2023,21
DE9E2F942100F54A,electric_bike,10/11/2023 12:28:16,10/11/2023 12:33:58,,,,,casual,5,Wednesday,October,2023,12
07F161FC87068D0A,electric_bike,8/9/2023 11:03:42,8/9/2023 11:12:40,,,,,member,8,Wednesday,August,2023,11
957861E7925064B8,electric_bike,3/28/2023 3:34:27,3/28/2023 3:52:01,,,,,member,17,Tuesday,March,2023,3
D94C58077CCB7EE7,electric_bike,9/25/2023 21:22:19,9/25/2023 21:55:29,,,,,casual,33,Monday,September,2023,21
437EF9BFEA20EC21,electric_bike,9/6/2023 20:59:20,9/6/2023 21:55:50,,,,,casual,56,Wednesday,September,2023,20
EEBFE2DCB928B160,electric_bike,12/25/2023 16:17:13,12/25/2023 16:57:30,,,,,casual,40,Monday,December,2023,16
D7B9EDA56C526516,electric_bike,6/10/2023 9:35:39,6/10/2023 9:40:06,,,,,casual,4,Saturday,June,2023,9
A5813B9FDE65B126,electric_bike,8/6/2023 18:54:56,8/6/2023 18:58:33,,,,,casual,3,Sunday,August,2023,18
C7E366BEF6448E48,electric_bike,9/13/2023 9:22:12,9/13/2023 9:27:31,,,,,member,5,Wednesday,September,2023,9
9096C5374856D6AA,electric_bike,6/4/2023 9:31:40,6/4/2023 9:39:32,,,,,member,7,Sunday,June,2023,9
F93C6E4B9D8E7B02,electric_bike,8/2/2023 10:25:55,8/2/2023 10:34:05,,,,,casual,8,Wednesday,August,2023,10
9A5B34EA28600886,electric_bike,9/11/2023 16:32:35,9/11/2023 16:38:21,,,,,member,5,Monday,September,2023,16
1E7B8610F2FBCD8A,electric_bike,3/14/2023 11:24:17,3/14/2023 11:34:07,,,,,casual,9,Tuesday,March,2023,11
0401E984ADD6D13F,electric_bike,7/22/2023 16:20:27,7/22/2023 16:25:27,,,,,casual,5,Saturday,July,2023,16
7D062C059A65ECA3,electric_bike,10/27/2023 11:04:37,10/27/2023 11:07:57,,,,,member,3,Friday,October,2023,11
3BD4DC97697EFB6E,electric_bike,4/5/2023 20:11:03,4/5/2023 20:33:29,,,,,member,22,Wednesday,April,2023,20
A4AA897530CA2506,electric_bike,9/30/2023 15:11:53,9/30/2023 15:45:19,,,,,casual,33,Saturday,September,2023,15
17E1A1D942E4C294,electric_bike,3/9/2023 22:31:15,3/9/2023 22:42:50,,,,,member,11,Thursday,March,2023,22
9E544E95C87D06A6,electric_bike,8/3/2023 15:35:42,8/3/2023 15:42:04,,,,,member,6,Thursday,August,2023,15
40D4F3366B0FE57D,electric_bike,6/2/2023 19:36:36,6/2/2023 19:44:11,,,,,member,7,Friday,June,2023,19
9E198F560E885E67,electric_bike,9/21/2023 16:20:42,9/21/2023 16:30:17,,,,,casual,9,Thursday,September,2023,16
A48133FA05B20BFA,electric_bike,9/12/2023 8:58:52,9/12/2023 9:13:46,,,,,member,14,Tuesday,September,2023,8
26E637228FEAC753,electric_bike,6/19/2023 17:49:31,6/19/2023 17:58:00,,,,,casual,8,Monday,June,2023,17
D2C744F2CD2FDE8A,electric_bike,9/13/2023 17:25:54,9/13/2023 17:30:49,,,,,member,4,Wednesday,September,2023,17
C468D75BCDCCAF17,electric_bike,4/15/2023 10:51:27,4/15/2023 10:59:52,,,,,casual,8,Saturday,April,2023,10
519F383457FE9A78,electric_bike,11/20/2023 16:31:22,11/20/2023 17:01:05,,,,,member,29,Monday,November,2023,16
D85ACCF15F17D9DB,electric_bike,11/17/2023 17:13:04,11/17/2023 17:30:08,,,,,member,17,Friday,November,2023,17
7EBF2F46BAA7A6B9,electric_bike,6/22/2023 17:52:09,6/22/2023 18:00:46,,,,,casual,8,Thursday,June,2023,17
747D434F8CC9F3BA,electric_bike,9/3/2023 14:29:56,9/3/2023 14:40:56,,,,,casual,11,Sunday,September,2023,14
7171EB1FA8109998,electric_bike,9/16/2023 12:35:40,9/16/2023 12:45:32,,,,,casual,9,Saturday,September,2023,12
CA8A80D9439FF4E6,electric_bike,7/23/2023 0:58:17,7/23/2023 1:09:15,,,,,member,10,Sunday,July,2023,0
0E16CF9429CD94CE,electric_bike,7/4/2023 12:16:27,7/4/2023 12:25:27,,,,,casual,9,Tuesday,July,2023,12
4EA1DF5A4F7B4EA6,electric_bike,10/22/2023 9:54:06,10/22/2023 10:25:22,,,,,casual,31,Sunday,October,2023,9
7DEA682024FCFD6B,electric_bike,10/3/2023 15:31:03,10/3/2023 15:44:40,,,,,member,13,Tuesday,October,2023,15
C7B6F894AB785D71,electric_bike,4/20/2023 19:36:33,4/20/2023 19:52:42,,,,,member,16,Thursday,April,2023,19
52A05379F46C83B3,electric_bike,4/14/2023 18:02:05,4/14/2023 18:05:09,,,,,member,3,Friday,April,2023,18
0AB08AF5AE5C0B5E,electric_bike,10/21/2023 12:00:23,10/21/2023 12:15:28,,,,,member,15,Saturday,October,2023,12
9FA5022ABBA7F455,electric_bike,4/26/2023 22:18:20,4/26/2023 22:20:13,,,,,casual,1,Wednesday,April,2023,22
21C114DE416B4062,electric_bike,5/23/2023 7:45:26,5/23/2023 7:49:47,,,,,member,4,Tuesday,May,2023,7
A4F9B88BE634544E,electric_bike,8/17/2023 10:17:04,8/17/2023 10:27:07,,,,,member,10,Thursday,August,2023,10
4AF41022E7BCB0C8,electric_bike,8/9/2023 6:48:00,8/9/2023 7:16:47,,,,,casual,28,Wednesday,August,2023,6
274084B20106FC15,electric_bike,8/20/2023 17:10:20,8/20/2023 17:51:27,,,,,casual,41,Sunday,August,2023,17
FD62A93A388AD02E,electric_bike,6/10/2023 19:23:14,6/10/2023 19:35:19,,,,,casual,12,Saturday,June,2023,19
6BA6F5671CF076E4,electric_bike,3/22/2023 5:02:05,3/22/2023 5:07:23,,,,,member,5,Wednesday,March,2023,5
31336D05E5554252,electric_bike,3/24/2023 15:25:43,3/24/2023 15:36:20,,,,,member,10,Friday,March,2023,15
CC911E092228E901,electric_bike,11/9/2023 0:15:41,11/9/2023 0:21:15,,,,,member,5,Thursday,November,2023,0
0E8BC6EADC634A69,electric_bike,7/7/2023 19:51:07,7/7/2023 19:55:02,,,,,member,3,Friday,July,2023,19
1F1A62B302B57AB1,electric_bike,10/21/2023 14:59:40,10/21/2023 16:07:39,,,,,casual,67,Saturday,October,2023,14
F1AE9C470221DA22,electric_bike,5/3/2023 20:22:02,5/3/2023 20:35:13,,,,,member,13,Wednesday,May,2023,20
A8922B2D57D7D297,electric_bike,7/10/2023 18:11:42,7/10/2023 18:24:17,,,,,member,12,Monday,July,2023,18
582292AFBEE1B61C,electric_bike,10/18/2023 20:53:26,10/18/2023 21:29:17,,,,,casual,35,Wednesday,October,2023,20
B1D531F70DA3A8CA,electric_bike,11/16/2023 6:37:32,11/16/2023 6:44:05,,,,,member,6,Thursday,November,2023,6
D5D1C19C8A3084BA,electric_bike,8/16/2023 20:18:22,8/16/2023 20:20:38,,,,,member,2,Wednesday,August,2023,20
114A4C48B96B0142,electric_bike,9/21/2023 15:43:37,9/21/2023 15:47:11,,,,,casual,3,Thursday,September,2023,15
DC3C3D9D0F80F8A1,electric_bike,6/20/2023 16:58:51,6/20/2023 17:19:36,,,,,member,20,Tuesday,June,2023,16
48185F5A373A74E1,electric_bike,11/1/2023 17:07:43,11/1/2023 17:16:40,,,,,member,8,Wednesday,November,2023,17
F624F73EC7D2B716,electric_bike,1/7/2023 2:30:14,1/7/2023 2:39:02,,,,,member,8,Saturday,January,2023,2
92526703095F0910,electric_bike,9/2/2023 17:05:37,9/2/2023 17:18:03,,,,,member,12,Saturday,September,2023,17
217F29A05DAA1AE3,electric_bike,11/6/2023 11:28:38,11/6/2023 11:40:29,,,,,casual,11,Monday,November,2023,11
1283EA2FF56FB531,electric_bike,7/22/2023 9:48:45,7/22/2023 10:04:59,,,,,casual,16,Saturday,July,2023,9
DE398E0708D2ED58,electric_bike,11/11/2023 17:34:41,11/11/2023 17:39:41,,,,,casual,5,Saturday,November,2023,17
A641DFC532871C6B,electric_bike,8/3/2023 20:19:50,8/3/2023 20:28:11,,,,,casual,8,Thursday,August,2023,20
C3C3824B94E27C57,electric_bike,9/1/2023 12:39:13,9/1/2023 13:01:50,,,,,casual,22,Friday,September,2023,12
96BDCFE1F1573AFD,electric_bike,6/8/2023 20:46:16,6/8/2023 20:57:46,,,,,casual,11,Thursday,June,2023,20
43BDA4D7E348CC5D,electric_bike,8/1/2023 16:43:24,8/1/2023 16:44:43,,,,,member,1,Tuesday,August,2023,16
2FF0B3513E7FBAF9,electric_bike,5/5/2023 10:18:27,5/5/2023 10:24:16,,,,,member,5,Friday,May,2023,10
8465269E4CA481D9,electric_bike,4/12/2023 13:16:39,4/12/2023 13:19:36,,,,,casual,2,Wednesday,April,2023,13
1D6265609FB0DF8E,electric_bike,10/1/2023 14:02:59,10/1/2023 14:14:09,,,,,member,11,Sunday,October,2023,14
BCF1983DBFD0EEBF,electric_bike,8/1/2023 22:23:57,8/1/2023 22:41:33,,,,,casual,17,Tuesday,August,2023,22
0781DA629442D986,electric_bike,3/7/2023 17:35:02,3/7/2023 17:52:53,,,,,casual,17,Tuesday,March,2023,17
F43494CDECC4C731,electric_bike,9/17/2023 18:10:11,9/17/2023 18:16:12,,,,,member,6,Sunday,September,2023,18
8EDFEE8C4C574799,electric_bike,6/3/2023 21:01:33,6/3/2023 21:09:27,,,,,casual,7,Saturday,June,2023,21
91A8E1CF40A32C57,electric_bike,8/20/2023 19:26:57,8/20/2023 19:37:55,,,,,casual,10,Sunday,August,2023,19
3A82B67D80B98B8D,electric_bike,10/21/2023 15:44:55,10/21/2023 15:58:11,,,,,casual,13,Saturday,October,2023,15
DD5E2636E31FAA41,electric_bike,11/12/2023 21:14:31,11/12/2023 21:19:58,,,,,member,5,Sunday,November,2023,21
2EEB90C23AC12A51,electric_bike,10/8/2023 0:15:50,10/8/2023 0:26:25,,,,,member,10,Sunday,October,2023,0
1C8F0F45E7877CE4,electric_bike,7/15/2023 12:47:24,7/15/2023 12:53:47,,,,,casual,6,Saturday,July,2023,12
C625457C84181FAE,electric_bike,5/6/2023 14:19:23,5/6/2023 14:52:04,,,,,casual,32,Saturday,May,2023,14
8F3F76C1DFC34505,electric_bike,11/10/2023 22:31:33,11/10/2023 22:34:10,,,,,member,2,Friday,November,2023,22
6A59F8F15DF336E4,electric_bike,10/19/2023 23:45:41,10/19/2023 23:51:36,,,,,member,5,Thursday,October,2023,23
D8DB8A9A0F1B41E6,electric_bike,5/7/2023 13:58:13,5/7/2023 14:21:11,,,,,casual,22,Sunday,May,2023,13
FEAC2571A46BC305,electric_bike,5/30/2023 10:35:52,5/30/2023 10:55:53,,,,,member,20,Tuesday,May,2023,10
EFC4AE4C8F82AE76,electric_bike,5/28/2023 19:34:49,5/28/2023 19:46:46,,,,,member,11,Sunday,May,2023,19
793514BB55D0A164,electric_bike,4/12/2023 19:56:12,4/12/2023 21:05:26,,,,,member,69,Wednesday,April,2023,19
04C30AF2ADB34D3E,electric_bike,8/13/2023 13:19:22,8/13/2023 14:17:15,,,,,casual,57,Sunday,August,2023,13
A98A3635C8FAADBA,electric_bike,9/2/2023 6:17:41,9/2/2023 6:26:14,,,,,member,8,Saturday,September,2023,6
F0358D5BE1AA040D,electric_bike,6/6/2023 15:53:50,6/6/2023 16:15:08,,,,,casual,21,Tuesday,June,2023,15
73BD685555B67D28,electric_bike,7/8/2023 0:23:32,7/8/2023 0:25:35,,,,,member,2,Saturday,July,2023,0
A9DE81FB25C3E375,electric_bike,5/29/2023 13:09:30,5/29/2023 14:17:57,,,,,casual,68,Monday,May,2023,13
DE29BCFB0993200B,electric_bike,10/12/2023 14:34:31,10/12/2023 14:38:04,,,,,member,3,Thursday,October,2023,14
DD20C539842F7753,electric_bike,7/9/2023 17:24:01,7/9/2023 17:41:40,,,,,member,17,Sunday,July,2023,17
3E6D6BC9CDD6D867,electric_bike,7/7/2023 14:55:11,7/7/2023 15:01:58,,,,,casual,6,Friday,July,2023,14
D55CF57B65065BD3,electric_bike,7/16/2023 22:28:44,7/16/2023 22:51:42,,,,,casual,22,Sunday,July,2023,22
A2C39245B3C359D9,electric_bike,7/16/2023 18:37:53,7/16/2023 18:49:37,,,,,casual,11,Sunday,July,2023,18
C4B3DBA72E7BFE50,electric_bike,7/29/2023 15:23:29,7/29/2023 15:28:09,,,,,casual,4,Saturday,July,2023,15
C0C4ECD4D7603DDD,electric_bike,4/21/2023 17:51:17,4/21/2023 18:12:46,,,,,member,21,Friday,April,2023,17
9115CCE15B184378,electric_bike,7/15/2023 1:25:29,7/15/2023 1:26:48,,,,,member,1,Saturday,July,2023,1
709F7AB378D89103,electric_bike,10/27/2023 13:44:09,10/27/2023 14:02:13,,,,,member,18,Friday,October,2023,13
81D40B5BC323F410,electric_bike,10/9/2023 19:58:14,10/9/2023 20:01:49,,,,,member,3,Monday,October,2023,19
916FE1CA73AAED95,electric_bike,11/19/2023 1:59:41,11/19/2023 2:01:14,,,,,member,1,Sunday,November,2023,1
22A5BFA7F1CA48B3,electric_bike,12/1/2023 19:01:19,12/1/2023 19:06:45,,,,,casual,5,Friday,December,2023,19
27768AD715347196,electric_bike,9/10/2023 14:28:55,9/10/2023 14:31:19,,,,,member,2,Sunday,September,2023,14
54FB025A0D49E46F,electric_bike,9/22/2023 13:21:23,9/22/2023 15:42:54,,,,,casual,141,Friday,September,2023,13
C4A3C866AB0210AC,electric_bike,8/15/2023 10:43:55,8/15/2023 10:58:59,,,,,member,15,Tuesday,August,2023,10
78E601AB93C95771,electric_bike,6/23/2023 18:18:57,6/23/2023 18:25:32,,,,,casual,6,Friday,June,2023,18
A0C0A45BC091B6AB,electric_bike,2/3/2023 14:34:48,2/3/2023 15:24:18,,,,,member,49,Friday,February,2023,14
84AF5A7094C2A15F,electric_bike,9/8/2023 18:19:06,9/8/2023 18:24:15,,,,,casual,5,Friday,September,2023,18
B00834FDEC6586FD,electric_bike,3/8/2023 20:48:29,3/8/2023 21:12:46,,,,,member,24,Wednesday,March,2023,20
AE444516272D44B4,electric_bike,12/2/2023 8:28:11,12/2/2023 8:32:06,,,,,member,3,Saturday,December,2023,8
03F180124FF4AB97,electric_bike,9/10/2023 13:42:59,9/10/2023 13:45:30,,,,,casual,2,Sunday,September,2023,13
70E5786CFA95C8D3,electric_bike,5/22/2023 17:16:11,5/22/2023 17:22:53,,,,,casual,6,Monday,May,2023,17
6D64AB51D26F9319,electric_bike,5/20/2023 15:02:06,5/20/2023 15:09:11,,,,,casual,7,Saturday,May,2023,15
ED0B90D1AD1803C4,electric_bike,4/10/2023 15:47:26,4/10/2023 15:51:40,,,,,member,4,Monday,April,2023,15
122676A75F6805A8,electric_bike,5/12/2023 14:57:17,5/12/2023 15:01:29,,,,,casual,4,Friday,May,2023,14
2B27A40A6FE4A797,electric_bike,11/4/2023 9:50:43,11/4/2023 10:06:19,,,,,member,15,Saturday,November,2023,9
FC4BCE9E696F86A9,electric_bike,7/10/2023 20:37:12,7/10/2023 20:44:31,,,,,member,7,Monday,July,2023,20
402D25E6964D3715,electric_bike,5/31/2023 17:20:43,5/31/2023 17:21:43,,,,,member,1,Wednesday,May,2023,17
AC988837688D524B,electric_bike,7/9/2023 14:16:48,7/9/2023 14:28:18,,,,,member,11,Sunday,July,2023,14
180193F78B0B3D1E,electric_bike,11/18/2023 8:48:18,11/18/2023 9:10:44,,,,,member,22,Saturday,November,2023,8
0070832AFDFBFC94,electric_bike,10/3/2023 20:47:41,10/3/2023 21:14:38,,,,,casual,26,Tuesday,October,2023,20
496B6A1E7AE3AF4B,electric_bike,10/24/2023 7:58:40,10/24/2023 8:42:13,,,,,member,43,Tuesday,October,2023,7
DBCE0BB6A4ECCB29,electric_bike,5/1/2023 17:23:38,5/1/2023 17:25:53,,,,,member,2,Monday,May,2023,17
14CED91982C34217,electric_bike,4/13/2023 21:26:37,4/14/2023 0:26:42,,,,,member,180,Thursday,April,2023,21
5A34CECF4B5FDB70,electric_bike,6/30/2023 16:27:08,6/30/2023 17:20:27,,,,,casual,53,Friday,June,2023,16
EA4280FFFEE85DD3,electric_bike,9/28/2023 7:00:58,9/28/2023 7:19:38,,,,,member,18,Thursday,September,2023,7
E1E1F6AAD96AF3DB,electric_bike,9/24/2023 20:18:10,9/24/2023 20:36:34,,,,,casual,18,Sunday,September,2023,20
8CAACF90BF82BFC7,electric_bike,12/18/2023 16:23:02,12/18/2023 16:26:58,,,,,member,3,Monday,December,2023,16
600FC66BB59A105D,electric_bike,6/11/2023 0:33:06,6/11/2023 0:36:19,,,,,casual,3,Sunday,June,2023,0
F1F3DE98517DD62D,electric_bike,9/10/2023 15:31:34,9/10/2023 15:50:54,,,,,member,19,Sunday,September,2023,15
BF4668EB953384EF,electric_bike,9/7/2023 9:30:04,9/7/2023 9:42:51,,,,,member,12,Thursday,September,2023,9
C5A4B901D6814CBB,electric_bike,8/4/2023 21:26:06,8/4/2023 21:39:02,,,,,casual,12,Friday,August,2023,21
738E7B2CB6AC3D85,electric_bike,7/21/2023 16:44:35,7/21/2023 16:45:38,,,,,casual,1,Friday,July,2023,16
EE8049F0890140EB,electric_bike,10/21/2023 12:54:03,10/21/2023 13:00:15,,,,,member,6,Saturday,October,2023,12
F222890DDE542A9C,electric_bike,12/6/2023 9:03:34,12/6/2023 9:12:21,,,,,member,8,Wednesday,December,2023,9
DDC30634B08C3676,electric_bike,9/14/2023 18:03:06,9/14/2023 18:07:12,,,,,casual,4,Thursday,September,2023,18
C1AEFC6225C59A6C,electric_bike,7/23/2023 16:12:22,7/23/2023 16:22:22,,,,,member,10,Sunday,July,2023,16
40BAF7C733D58963,electric_bike,11/10/2023 13:26:04,11/10/2023 13:28:47,,,,,member,2,Friday,November,2023,13
2AE1B58E7CF897F0,electric_bike,7/16/2023 12:44:59,7/16/2023 12:55:38,,,,,member,10,Sunday,July,2023,12
4CD95FB8B16A44D7,electric_bike,7/9/2023 16:31:29,7/9/2023 16:44:00,,,,,member,12,Sunday,July,2023,16
98088A659B259A6F,electric_bike,7/1/2023 11:41:43,7/1/2023 11:44:36,,,,,member,2,Saturday,July,2023,11
96A3408753A48D6C,electric_bike,11/13/2023 8:36:09,11/13/2023 8:40:26,,,,,member,4,Monday,November,2023,8
C21CBB8B552A0880,electric_bike,7/11/2023 21:22:15,7/11/2023 21:27:21,,,,,casual,5,Tuesday,July,2023,21
A17AF6FCF4B8495B,electric_bike,5/4/2023 11:00:23,5/4/2023 11:15:49,,,,,member,15,Thursday,May,2023,11
4ED9A112FC3940EC,electric_bike,7/21/2023 22:20:40,7/21/2023 22:38:22,,,,,member,17,Friday,July,2023,22
9610DA6C23976BC7,electric_bike,7/8/2023 20:25:33,7/8/2023 20:40:16,,,,,member,14,Saturday,July,2023,20
8C5E51013A498676,electric_bike,5/21/2023 16:31:34,5/21/2023 16:35:43,,,,,member,4,Sunday,May,2023,16
ED148BCA8F8C4A13,electric_bike,7/19/2023 12:28:42,7/19/2023 12:37:44,,,,,casual,9,Wednesday,July,2023,12
228D1C26E3F148D5,electric_bike,6/27/2023 11:52:21,6/27/2023 12:06:24,,,,,member,14,Tuesday,June,2023,11
8436D623559C5879,electric_bike,12/15/2023 21:09:10,12/15/2023 21:13:07,,,,,casual,3,Friday,December,2023,21
66EEAE85975A6BE5,electric_bike,5/12/2023 22:32:38,5/12/2023 22:47:32,,,,,member,14,Friday,May,2023,22
5A30EB40589BB92C,electric_bike,8/28/2023 19:26:57,8/28/2023 19:35:48,,,,,casual,8,Monday,August,2023,19
69096CA58888FF2C,electric_bike,1/17/2023 23:57:46,1/18/2023 0:04:53,,,,,casual,7,Tuesday,January,2023,23
239D1B28D03BDEB5,electric_bike,4/11/2023 21:58:59,4/11/2023 22:24:27,,,,,member,25,Tuesday,April,2023,21
CE5F66C5578F59F7,electric_bike,8/3/2023 21:27:01,8/3/2023 21:29:29,,,,,member,2,Thursday,August,2023,21
499547C5AD32CD5B,electric_bike,9/2/2023 12:48:49,9/2/2023 12:55:01,,,,,member,6,Saturday,September,2023,12
2E345BB00B24522E,electric_bike,11/19/2023 13:23:36,11/19/2023 13:26:35,,,,,member,2,Sunday,November,2023,13
21F0F31E30E31304,electric_bike,8/27/2023 1:57:06,8/27/2023 2:04:25,,,,,casual,7,Sunday,August,2023,1
EBA8D6E1B6F0121F,electric_bike,7/30/2023 19:50:44,7/30/2023 19:53:06,,,,,member,2,Sunday,July,2023,19
7BFD3A4C10FE015C,electric_bike,9/12/2023 19:54:25,9/12/2023 19:58:13,,,,,member,3,Tuesday,September,2023,19
C642C1DB4B62D5CC,electric_bike,12/15/2023 23:31:42,12/15/2023 23:52:14,,,,,member,20,Friday,December,2023,23
46AB0B28FD947AE6,electric_bike,8/30/2023 15:56:56,8/30/2023 16:16:01,,,,,casual,19,Wednesday,August,2023,15
971C7A8B01FC8AF5,electric_bike,8/13/2023 21:12:21,8/13/2023 21:14:12,,,,,member,1,Sunday,August,2023,21
7A3AE12F5AEF26B1,electric_bike,6/5/2023 18:44:49,6/5/2023 18:55:22,,,,,member,10,Monday,June,2023,18
28DB48EE884E6F88,electric_bike,6/4/2023 12:46:10,6/4/2023 12:56:16,,,,,member,10,Sunday,June,2023,12
A7B806ECDFF5DE83,electric_bike,8/24/2023 1:11:56,8/24/2023 1:24:01,,,,,casual,12,Thursday,August,2023,1
286A8440A4EED20B,electric_bike,9/20/2023 13:44:37,9/20/2023 14:00:34,,,,,casual,15,Wednesday,September,2023,13
E6A54B0F03C8AE91,electric_bike,9/11/2023 20:22:48,9/11/2023 20:26:45,,,,,casual,3,Monday,September,2023,20
7EED909103BCD751,electric_bike,6/20/2023 8:44:54,6/20/2023 8:55:39,,,,,member,10,Tuesday,June,2023,8
BAE16F30AF2F10CC,electric_bike,6/21/2023 15:10:42,6/21/2023 15:13:05,,,,,member,2,Wednesday,June,2023,15
A35517F3E30380C3,electric_bike,6/17/2023 13:20:11,6/17/2023 13:21:20,,,,,casual,1,Saturday,June,2023,13
54913BB189B97CBC,electric_bike,9/2/2023 21:06:56,9/2/2023 21:15:36,,,,,member,8,Saturday,September,2023,21
8E6A9EB42049CE2C,electric_bike,4/11/2023 6:44:16,4/11/2023 6:52:35,,,,,casual,8,Tuesday,April,2023,6
46AE33BD84CDEF64,electric_bike,10/16/2023 10:19:48,10/16/2023 10:29:18,,,,,member,9,Monday,October,2023,10
D8F13D93358B2EDD,electric_bike,10/27/2023 0:13:04,10/27/2023 0:15:44,,,,,member,2,Friday,October,2023,0
DA450141B5C0D5C4,electric_bike,9/24/2023 14:58:29,9/24/2023 15:06:21,,,,,member,7,Sunday,September,2023,14
1602981D44F5A4C3,electric_bike,3/5/2023 13:32:44,3/5/2023 13:36:45,,,,,member,4,Sunday,March,2023,13
A5C17BA7E8142BA5,electric_bike,8/23/2023 16:56:43,8/23/2023 17:06:11,,,,,member,9,Wednesday,August,2023,16
121113371FD88FC6,electric_bike,1/11/2023 12:58:27,1/11/2023 13:02:42,,,,,casual,4,Wednesday,January,2023,12
4ADF0970C8C71130,electric_bike,9/6/2023 21:29:44,9/6/2023 21:32:56,,,,,member,3,Wednesday,September,2023,21
2EDA79D19BA71FDA,electric_bike,4/9/2023 9:45:08,4/9/2023 9:56:28,,,,,member,11,Sunday,April,2023,9
2D4DF614E6BC1FE2,electric_bike,8/29/2023 20:29:37,8/29/2023 20:34:11,,,,,member,4,Tuesday,August,2023,20
07DE738DF8730A6C,electric_bike,6/29/2023 19:00:51,6/29/2023 19:05:35,,,,,member,4,Thursday,June,2023,19
054FDB3D1627B032,electric_bike,9/21/2023 7:07:51,9/21/2023 7:36:56,,,,,member,29,Thursday,September,2023,7
C524855243A8BBB9,electric_bike,8/9/2023 7:27:29,8/9/2023 7:35:15,,,,,casual,7,Wednesday,August,2023,7
FEC07A09698579FD,electric_bike,8/2/2023 18:59:20,8/2/2023 19:06:26,,,,,casual,7,Wednesday,August,2023,18
AA643EFB05CEDD81,electric_bike,6/10/2023 11:50:11,6/10/2023 11:57:41,,,,,member,7,Saturday,June,2023,11
488973D1A7D4CB91,electric_bike,6/10/2023 8:46:49,6/10/2023 8:58:39,,,,,member,11,Saturday,June,2023,8
2D42E2B0888EECB5,electric_bike,6/12/2023 9:43:53,6/12/2023 9:53:57,,,,,member,10,Monday,June,2023,9
63586D4648B21826,electric_bike,12/16/2023 1:17:21,12/16/2023 1:22:49,,,,,member,5,Saturday,December,2023,1
3DDF0B588A0B338F,electric_bike,6/6/2023 19:00:43,6/6/2023 19:15:57,,,,,casual,15,Tuesday,June,2023,19
4058CE06AF0FF4E5,electric_bike,6/6/2023 14:52:15,6/6/2023 15:07:47,,,,,member,15,Tuesday,June,2023,14
DFE546163F7368E5,electric_bike,1/14/2023 9:20:36,1/14/2023 9:25:06,,,,,member,4,Saturday,January,2023,9
FC795505AB87B6CC,electric_bike,11/19/2023 13:03:18,11/19/2023 13:06:14,,,,,casual,2,Sunday,November,2023,13
A2F3166DE22C02B2,electric_bike,1/11/2023 18:18:59,1/11/2023 18:20:58,,,,,member,1,Wednesday,January,2023,18
FC97D86CE56145A4,electric_bike,3/16/2023 10:01:05,3/16/2023 10:03:06,,,,,member,2,Thursday,March,2023,10
C11A7D645FA5ED9A,electric_bike,12/6/2023 17:57:28,12/6/2023 17:58:41,,,,,member,1,Wednesday,December,2023,17
CC7499955F2AC658,electric_bike,8/25/2023 19:42:08,8/25/2023 19:43:42,,,,,casual,1,Friday,August,2023,19
12ECD8B7E27EB7F5,electric_bike,1/11/2023 18:41:47,1/11/2023 18:56:26,,,,,member,14,Wednesday,January,2023,18
2EE7D541BB20A458,electric_bike,9/21/2023 18:01:02,9/21/2023 18:02:36,,,,,member,1,Thursday,September,2023,18
3142C2B311227A05,electric_bike,9/24/2023 18:07:07,9/24/2023 18:56:04,,,,,casual,48,Sunday,September,2023,18
F91D81C07936FE5E,electric_bike,8/19/2023 21:40:38,8/19/2023 21:54:41,,,,,member,14,Saturday,August,2023,21